Time,dummy
0,0
1,0.006944444
2,0.013888889
3,0.020833333
4,0.027777778
5,0.034722222
6,0.041666667
7,0.048611111
8,0.055555556
9,0.0625
10,0.069444444
11,0.076388889
12,0.083333333
13,0.076388889
14,0.069444444
15,0.0625
16,0.055555556
17,0.048611111
18,0.041666667
19,0.034722222
20,0.027777778
21,0.020833333
22,0.013888889
23,0.006944444
24,0
